TDB_00003000,2024-09-24 22:02:11,TDB_CUST_7085771,AAPL,BUY,526,369.23
TDB_00003001,2024-09-20 07:29:11,TDB_CUST_5598559,AMZN,SELL,878,307.7
TDB_00003002,2024-09-23 19:11:40,TDB_CUST_3434057,MSFT,SELL,944,959.43
TDB_00003003,2024-09-21 10:18:33,TDB_CUST_5087358,MSFT,BUY,672,20.95
TDB_00003004,2024-09-25 02:48:24,TDB_CUST_5937268,GOOGL,BUY,169,633.8
TDB_00003005,2024-09-22 14:22:20,TDB_CUST_8392037,V,BUY,550,871.83
TDB_00003006,2024-09-19 03:10:55,TDB_CUST_3409067,AAPL,BUY,45,1357.73
TDB_00003007,2024-09-22 15:36:51,TDB_CUST_5006002,FB,SELL,680,1230.13
TDB_00003008,2024-09-19 05:03:12,TDB_CUST_4817633,NFLX,BUY,364,1157.15
TDB_00003009,2024-09-24 15:45:00,TDB_CUST_3110619,JPM,BUY,649,1215.44
TDB_00003010,2024-09-19 14:40:58,TDB_CUST_6507221,AMZN,BUY,822,188.55
TDB_00003011,2024-09-25 17:18:41,TDB_CUST_5225194,V,BUY,22,540.2
TDB_00003012,2024-09-22 20:51:03,TDB_CUST_4893833,AAPL,SELL,186,367.17
TDB_00003013,2024-09-23 11:01:38,TDB_CUST_8201548,JPM,SELL,788,361.2
TDB_00003014,2024-09-21 17:34:49,TDB_CUST_9432209,AAPL,BUY,700,1491.36
TDB_00003015,2024-09-25 12:40:44,TDB_CUST_9785676,GOOGL,SELL,518,272.08
TDB_00003016,2024-09-24 14:50:51,TDB_CUST_5534527,V,SELL,926,303.87
TDB_00003017,2024-09-24 05:47:16,TDB_CUST_5361394,GOOGL,SELL,854,1318.93
TDB_00003018,2024-09-23 13:51:41,TDB_CUST_7004787,FB,SELL,649,926.73
TDB_00003019,2024-09-23 13:35:43,TDB_CUST_9809230,GOOGL,SELL,145,459.53
TDB_00003020,2024-09-19 15:05:39,TDB_CUST_8064885,V,BUY,616,584.1
TDB_00003021,2024-09-18 18:09:55,TDB_CUST_1380496,NVDA,SELL,570,1274.06
TDB_00003022,2024-09-25 13:27:44,TDB_CUST_7534629,NFLX,SELL,514,890.63
TDB_00003023,2024-09-20 16:18:10,TDB_CUST_9449557,NFLX,BUY,521,659.78
TDB_00003024,2024-09-24 00:32:08,TDB_CUST_9949288,AMZN,SELL,3,228.91
TDB_00003025,2024-09-21 11:44:57,TDB_CUST_8115234,MSFT,BUY,881,529.73
TDB_00003026,2024-09-25 16:12:45,TDB_CUST_4708986,TSLA,BUY,331,67.75
TDB_00003027,2024-09-20 07:14:08,TDB_CUST_3433065,MSFT,SELL,374,529.56
TDB_00003028,2024-09-20 13:44:23,TDB_CUST_1417403,AMZN,BUY,769,822.12
TDB_00003029,2024-09-21 17:18:38,TDB_CUST_3602302,NFLX,SELL,642,916.43
TDB_00003030,2024-09-20 14:13:57,TDB_CUST_1613493,FB,SELL,918,203.64
TDB_00003031,2024-09-22 06:18:41,TDB_CUST_3603564,NVDA,SELL,411,1383.37
TDB_00003032,2024-09-22 07:17:19,TDB_CUST_5837267,NVDA,SELL,453,1306.86
TDB_00003033,2024-09-23 02:49:42,TDB_CUST_7766426,JPM,BUY,138,1076.75
TDB_00003034,2024-09-25 10:34:32,TDB_CUST_5301475,MSFT,SELL,313,1062.34
TDB_00003035,2024-09-21 13:37:08,TDB_CUST_6175217,JPM,SELL,373,480.15
TDB_00003036,2024-09-23 02:10:29,TDB_CUST_5734520,TSLA,SELL,493,1067.33
TDB_00003037,2024-09-22 07:05:49,TDB_CUST_7998339,FB,BUY,768,325.94
TDB_00003038,2024-09-25 04:13:17,TDB_CUST_5436971,GOOGL,BUY,289,1435.16
TDB_00003039,2024-09-20 16:39:23,TDB_CUST_5584704,JPM,BUY,179,1131.73
TDB_00003040,2024-09-20 20:21:11,TDB_CUST_1754039,GOOGL,SELL,361,293.67
TDB_00003041,2024-09-25 05:52:09,TDB_CUST_9904317,NVDA,SELL,666,286.91
TDB_00003042,2024-09-22 17:51:33,TDB_CUST_9997773,NFLX,SELL,869,1147.96
TDB_00003043,2024-09-21 10:08:55,TDB_CUST_7443889,AMZN,BUY,632,559.29
TDB_00003044,2024-09-23 12:43:38,TDB_CUST_2646400,GOOGL,BUY,886,1017.68
TDB_00003045,2024-09-25 17:24:27,TDB_CUST_9666966,NVDA,BUY,449,1417.99
TDB_00003046,2024-09-20 10:19:27,TDB_CUST_8205958,FB,BUY,303,1399.46
TDB_00003047,2024-09-22 10:36:13,TDB_CUST_7332346,TSLA,BUY,673,824.05
TDB_00003048,2024-09-24 00:39:53,TDB_CUST_8817629,AMZN,SELL,222,248.04
TDB_00003049,2024-09-21 05:35:55,TDB_CUST_1049027,MSFT,SELL,73,1069.81
TDB_00003050,2024-09-20 17:18:56,TDB_CUST_3559729,JPM,BUY,483,730.94
TDB_00003051,2024-09-22 09:37:44,TDB_CUST_8098511,V,SELL,390,1098.5
TDB_00003052,2024-09-20 20:34:52,TDB_CUST_6610200,AAPL,BUY,591,104.56
TDB_00003053,2024-09-22 08:15:34,TDB_CUST_1953201,NVDA,BUY,190,235.27
TDB_00003054,2024-09-20 01:56:23,TDB_CUST_4150415,V,BUY,322,963.44
TDB_00003055,2024-09-25 00:20:35,TDB_CUST_6126056,GOOGL,BUY,861,437.15
TDB_00003056,2024-09-22 08:46:05,TDB_CUST_5145297,TSLA,BUY,721,1020.05
TDB_00003057,2024-09-20 19:34:17,TDB_CUST_6177177,AAPL,BUY,95,247.78
TDB_00003058,2024-09-23 08:39:57,TDB_CUST_6688138,JPM,BUY,946,1425.01
TDB_00003059,2024-09-21 11:19:39,TDB_CUST_4816500,JPM,BUY,132,1159.71
TDB_00003060,2024-09-22 03:23:49,TDB_CUST_3328075,GOOGL,SELL,54,1112.55
TDB_00003061,2024-09-19 09:28:43,TDB_CUST_3564738,GOOGL,BUY,849,456.46
TDB_00003062,2024-09-21 21:41:32,TDB_CUST_4681157,NFLX,SELL,332,609.13
TDB_00003063,2024-09-25 09:47:13,TDB_CUST_7427737,AMZN,SELL,181,1447.9
TDB_00003064,2024-09-22 20:41:30,TDB_CUST_5485170,TSLA,BUY,676,712.21
TDB_00003065,2024-09-24 16:57:04,TDB_CUST_3697467,AMZN,SELL,97,777.49
TDB_00003066,2024-09-24 21:58:10,TDB_CUST_6547374,AMZN,BUY,571,1468.2
TDB_00003067,2024-09-24 16:05:43,TDB_CUST_3435460,FB,BUY,457,12.52
TDB_00003068,2024-09-23 07:01:25,TDB_CUST_3744980,V,BUY,25,1306.98
TDB_00003069,2024-09-23 02:10:55,TDB_CUST_2484965,AAPL,SELL,62,19.8
TDB_00003070,2024-09-18 19:16:40,TDB_CUST_8457169,MSFT,BUY,478,604.14
TDB_00003071,2024-09-21 11:56:41,TDB_CUST_9299517,V,SELL,485,165.45
TDB_00003072,2024-09-25 15:37:37,TDB_CUST_8010353,AMZN,SELL,450,1007.61
TDB_00003073,2024-09-25 03:06:05,TDB_CUST_8385280,MSFT,SELL,439,554.15
TDB_00003074,2024-09-25 11:12:58,TDB_CUST_2234277,JPM,BUY,48,745.31
TDB_00003075,2024-09-20 04:24:53,TDB_CUST_4862316,MSFT,BUY,383,177.29
TDB_00003076,2024-09-24 09:34:35,TDB_CUST_6528931,MSFT,BUY,982,230.58
TDB_00003077,2024-09-19 22:55:14,TDB_CUST_2607799,AMZN,BUY,720,1098.95
TDB_00003078,2024-09-22 02:48:23,TDB_CUST_9374277,NFLX,SELL,530,1378.7
TDB_00003079,2024-09-19 12:24:35,TDB_CUST_8087757,NFLX,BUY,963,1253.98
TDB_00003080,2024-09-24 07:35:04,TDB_CUST_2184836,MSFT,SELL,931,1486.72
TDB_00003081,2024-09-22 20:38:09,TDB_CUST_4459220,AAPL,BUY,477,661.29
TDB_00003082,2024-09-24 05:21:29,TDB_CUST_1171954,NFLX,SELL,259,692.25
TDB_00003083,2024-09-22 20:50:21,TDB_CUST_1391254,MSFT,BUY,995,1213.02
TDB_00003084,2024-09-23 17:04:15,TDB_CUST_1264577,MSFT,BUY,161,930.94
TDB_00003085,2024-09-21 20:59:12,TDB_CUST_9798210,AAPL,SELL,985,506.75
TDB_00003086,2024-09-21 11:53:34,TDB_CUST_3944540,V,SELL,564,684.43
TDB_00003087,2024-09-20 03:05:56,TDB_CUST_1508706,GOOGL,SELL,305,1227.82
TDB_00003088,2024-09-19 06:54:44,TDB_CUST_9162861,NVDA,SELL,839,745.1
TDB_00003089,2024-09-21 05:43:33,TDB_CUST_8549062,V,BUY,963,903.3
TDB_00003090,2024-09-20 00:02:08,TDB_CUST_9302312,NFLX,BUY,954,619.49
TDB_00003091,2024-09-24 20:11:37,TDB_CUST_4817669,NVDA,BUY,520,252.49
TDB_00003092,2024-09-22 07:20:25,TDB_CUST_2616806,NVDA,SELL,761,30.23
TDB_00003093,2024-09-22 08:28:10,TDB_CUST_3331366,GOOGL,SELL,581,624.4
TDB_00003094,2024-09-21 00:07:58,TDB_CUST_9972603,TSLA,BUY,250,554.12
TDB_00003095,2024-09-23 00:00:35,TDB_CUST_2846222,TSLA,BUY,396,1287.89
TDB_00003096,2024-09-20 08:16:29,TDB_CUST_5313501,NFLX,BUY,580,1165.65
TDB_00003097,2024-09-22 14:40:17,TDB_CUST_9910330,TSLA,SELL,850,1326.8
TDB_00003098,2024-09-19 22:58:53,TDB_CUST_7660960,AMZN,SELL,905,604.77
TDB_00003099,2024-09-20 07:32:15,TDB_CUST_1981312,GOOGL,BUY,250,769.41
TDB_00003100,2024-09-21 20:01:07,TDB_CUST_5218647,TSLA,SELL,41,378.86
TDB_00003101,2024-09-23 18:46:09,TDB_CUST_3210238,MSFT,SELL,977,1150.22
TDB_00003102,2024-09-24 18:31:22,TDB_CUST_6251005,MSFT,BUY,129,1060.1
TDB_00003103,2024-09-23 00:29:16,TDB_CUST_3773205,TSLA,SELL,165,638.94
TDB_00003104,2024-09-24 23:50:18,TDB_CUST_2941768,JPM,BUY,749,390.77
TDB_00003105,2024-09-24 04:03:06,TDB_CUST_7130612,GOOGL,BUY,399,297.9
TDB_00003106,2024-09-24 14:06:37,TDB_CUST_9432135,AAPL,BUY,652,1043.99
TDB_00003107,2024-09-19 13:53:30,TDB_CUST_5546469,AAPL,BUY,495,481.84
TDB_00003108,2024-09-24 21:48:40,TDB_CUST_8574634,V,SELL,206,467.85
TDB_00003109,2024-09-24 08:22:10,TDB_CUST_5122558,V,BUY,375,1061.15
TDB_00003110,2024-09-22 19:21:25,TDB_CUST_3019424,GOOGL,SELL,218,426.1
TDB_00003111,2024-09-24 13:26:40,TDB_CUST_1660139,MSFT,BUY,328,395.96
TDB_00003112,2024-09-20 07:29:03,TDB_CUST_4139798,JPM,BUY,381,399.4
TDB_00003113,2024-09-25 14:19:25,TDB_CUST_2254773,V,SELL,954,561.79
TDB_00003114,2024-09-24 09:41:56,TDB_CUST_8476929,NVDA,BUY,746,945.08
TDB_00003115,2024-09-20 23:06:23,TDB_CUST_5244853,GOOGL,BUY,698,279.24
TDB_00003116,2024-09-18 20:17:23,TDB_CUST_4829343,FB,SELL,208,1107.86
TDB_00003117,2024-09-19 23:18:14,TDB_CUST_9462099,MSFT,BUY,252,1050.06
TDB_00003118,2024-09-23 00:34:59,TDB_CUST_5941716,GOOGL,SELL,261,1046.51
TDB_00003119,2024-09-24 06:06:00,TDB_CUST_6200069,AAPL,SELL,836,27.52
TDB_00003120,2024-09-20 06:30:11,TDB_CUST_4782223,AMZN,BUY,441,211.11
TDB_00003121,2024-09-20 21:09:36,TDB_CUST_5581389,JPM,SELL,709,763.25
TDB_00003122,2024-09-19 20:43:29,TDB_CUST_5219877,JPM,BUY,472,754.3
TDB_00003123,2024-09-20 00:01:03,TDB_CUST_6287669,V,SELL,852,48.34
TDB_00003124,2024-09-21 06:02:48,TDB_CUST_1875880,GOOGL,SELL,667,1429.2
TDB_00003125,2024-09-23 05:58:42,TDB_CUST_8792094,GOOGL,SELL,1000,1171.71
TDB_00003126,2024-09-20 05:32:33,TDB_CUST_2660721,AAPL,SELL,649,682.02
TDB_00003127,2024-09-21 10:53:56,TDB_CUST_6891343,AMZN,BUY,895,149.81
TDB_00003128,2024-09-23 22:38:26,TDB_CUST_6829995,NFLX,BUY,237,502.26
TDB_00003129,2024-09-22 18:27:28,TDB_CUST_7347283,AMZN,BUY,284,429.77
TDB_00003130,2024-09-21 20:44:00,TDB_CUST_1776616,NFLX,SELL,701,883.07
TDB_00003131,2024-09-21 14:01:52,TDB_CUST_8919629,FB,SELL,569,821.57
TDB_00003132,2024-09-23 00:12:04,TDB_CUST_1851292,V,SELL,7,1357.03
TDB_00003133,2024-09-22 10:11:04,TDB_CUST_2617904,JPM,SELL,349,1437.47
TDB_00003134,2024-09-24 09:07:58,TDB_CUST_2979585,NFLX,BUY,178,195.39
TDB_00003135,2024-09-23 12:39:52,TDB_CUST_6926932,TSLA,BUY,507,1261.25
TDB_00003136,2024-09-19 04:45:39,TDB_CUST_3292520,JPM,SELL,821,45.49
TDB_00003137,2024-09-25 04:38:24,TDB_CUST_2391934,V,SELL,784,811.97
TDB_00003138,2024-09-24 09:53:53,TDB_CUST_1640253,AAPL,BUY,719,355.07
TDB_00003139,2024-09-20 03:59:44,TDB_CUST_5659201,V,SELL,153,1474.95
TDB_00003140,2024-09-23 08:13:02,TDB_CUST_7686674,V,SELL,511,170.47
TDB_00003141,2024-09-23 14:27:15,TDB_CUST_1537074,NVDA,SELL,228,1165.46
TDB_00003142,2024-09-18 21:12:09,TDB_CUST_3709038,AAPL,BUY,734,780.6
TDB_00003143,2024-09-19 05:47:09,TDB_CUST_4163063,GOOGL,SELL,731,1097.9
TDB_00003144,2024-09-21 05:39:10,TDB_CUST_8879385,TSLA,BUY,910,1277.97
TDB_00003145,2024-09-18 23:14:04,TDB_CUST_9726775,AAPL,BUY,111,197.06
TDB_00003146,2024-09-19 19:06:47,TDB_CUST_2959533,AAPL,SELL,623,774.28
TDB_00003147,2024-09-25 04:42:19,TDB_CUST_8800857,MSFT,BUY,980,425.01
TDB_00003148,2024-09-21 22:50:11,TDB_CUST_9990132,TSLA,BUY,28,573.71
TDB_00003149,2024-09-21 16:13:48,TDB_CUST_9710705,JPM,BUY,37,591.1
TDB_00003150,2024-09-25 03:08:07,TDB_CUST_4614003,TSLA,SELL,600,143.38
TDB_00003151,2024-09-18 18:12:03,TDB_CUST_8956686,MSFT,SELL,896,1030.62
TDB_00003152,2024-09-19 22:19:16,TDB_CUST_8661428,AMZN,SELL,364,627.49
TDB_00003153,2024-09-22 07:29:04,TDB_CUST_7433388,GOOGL,BUY,865,15.33
TDB_00003154,2024-09-20 01:47:15,TDB_CUST_8265695,AAPL,SELL,185,143.17
TDB_00003155,2024-09-19 01:16:29,TDB_CUST_5042692,GOOGL,BUY,484,57.69
TDB_00003156,2024-09-19 17:59:39,TDB_CUST_4099281,MSFT,BUY,38,40.44
TDB_00003157,2024-09-23 19:14:39,TDB_CUST_6589710,MSFT,SELL,922,1360.86
TDB_00003158,2024-09-20 05:37:35,TDB_CUST_3557536,NVDA,BUY,471,1387.41
TDB_00003159,2024-09-19 07:43:45,TDB_CUST_1706993,JPM,BUY,463,1183.77
TDB_00003160,2024-09-25 09:38:03,TDB_CUST_7942727,AMZN,SELL,118,687.45
TDB_00003161,2024-09-21 15:56:24,TDB_CUST_1576960,FB,SELL,310,1145.57
TDB_00003162,2024-09-20 18:58:36,TDB_CUST_7821887,FB,SELL,300,327.76
TDB_00003163,2024-09-19 21:38:27,TDB_CUST_8397070,JPM,BUY,657,1070.35
TDB_00003164,2024-09-19 23:46:55,TDB_CUST_6304561,AMZN,SELL,16,449.31
TDB_00003165,2024-09-22 13:21:57,TDB_CUST_4621594,TSLA,SELL,298,252.36
TDB_00003166,2024-09-21 00:12:28,TDB_CUST_5506915,V,SELL,538,580.56
TDB_00003167,2024-09-24 23:41:45,TDB_CUST_8986719,GOOGL,BUY,921,372.58
TDB_00003168,2024-09-22 14:59:17,TDB_CUST_4750061,MSFT,SELL,400,372.98
TDB_00003169,2024-09-20 04:50:42,TDB_CUST_8476103,MSFT,SELL,207,1191.0
TDB_00003170,2024-09-22 00:42:27,TDB_CUST_4770740,NVDA,SELL,645,218.95
TDB_00003171,2024-09-25 14:05:54,TDB_CUST_9472116,V,SELL,329,1316.01
TDB_00003172,2024-09-20 11:32:13,TDB_CUST_3318776,JPM,SELL,592,925.6
TDB_00003173,2024-09-23 14:31:06,TDB_CUST_9930375,V,BUY,73,1240.21
TDB_00003174,2024-09-25 11:32:29,TDB_CUST_5210936,MSFT,SELL,929,1426.19
TDB_00003175,2024-09-23 03:20:52,TDB_CUST_7387238,MSFT,SELL,246,231.86
TDB_00003176,2024-09-21 14:42:27,TDB_CUST_6893325,FB,BUY,146,1328.24
TDB_00003177,2024-09-23 05:50:27,TDB_CUST_6042918,GOOGL,SELL,368,193.87
TDB_00003178,2024-09-22 02:10:41,TDB_CUST_3186239,JPM,SELL,932,1477.45
TDB_00003179,2024-09-23 01:01:42,TDB_CUST_2179047,NVDA,SELL,483,1119.61
TDB_00003180,2024-09-22 05:17:00,TDB_CUST_4044583,AAPL,BUY,235,936.09
TDB_00003181,2024-09-20 02:18:04,TDB_CUST_8561083,TSLA,BUY,239,1428.06
TDB_00003182,2024-09-20 00:09:50,TDB_CUST_9991170,V,BUY,596,549.27
TDB_00003183,2024-09-24 21:55:10,TDB_CUST_4458766,NFLX,BUY,820,972.38
TDB_00003184,2024-09-23 04:37:59,TDB_CUST_6655109,NFLX,BUY,533,567.89
TDB_00003185,2024-09-19 18:42:35,TDB_CUST_6600930,NVDA,SELL,970,293.14
TDB_00003186,2024-09-22 17:03:46,TDB_CUST_5596144,TSLA,SELL,5,686.5
TDB_00003187,2024-09-20 22:07:53,TDB_CUST_1950379,NFLX,SELL,715,964.39
TDB_00003188,2024-09-19 04:28:57,TDB_CUST_9760273,TSLA,SELL,576,472.16
TDB_00003189,2024-09-19 18:43:29,TDB_CUST_5211920,V,BUY,224,1356.33
TDB_00003190,2024-09-20 05:40:53,TDB_CUST_7491607,TSLA,SELL,344,1389.93
TDB_00003191,2024-09-22 14:48:31,TDB_CUST_8676191,AAPL,BUY,781,339.14
TDB_00003192,2024-09-22 12:25:17,TDB_CUST_7692700,TSLA,BUY,23,155.81
TDB_00003193,2024-09-23 06:58:46,TDB_CUST_2087906,FB,SELL,182,760.41
TDB_00003194,2024-09-19 03:25:43,TDB_CUST_2939041,NVDA,BUY,457,820.26
TDB_00003195,2024-09-20 09:41:58,TDB_CUST_3588250,JPM,BUY,366,678.39
TDB_00003196,2024-09-24 02:38:38,TDB_CUST_5016151,V,SELL,258,932.67
TDB_00003197,2024-09-21 05:02:15,TDB_CUST_8429436,TSLA,SELL,8,1249.73
TDB_00003198,2024-09-21 18:54:22,TDB_CUST_3647656,TSLA,BUY,398,289.83
TDB_00003199,2024-09-22 19:22:44,TDB_CUST_1940161,AAPL,BUY,861,519.58
TDB_00003200,2024-09-23 02:45:25,TDB_CUST_1639575,JPM,SELL,938,1048.6
TDB_00003201,2024-09-20 06:26:27,TDB_CUST_6279890,AAPL,SELL,816,778.4
TDB_00003202,2024-09-22 18:57:08,TDB_CUST_3882280,FB,BUY,695,1486.79
TDB_00003203,2024-09-20 12:43:37,TDB_CUST_4023667,V,SELL,798,531.94
TDB_00003204,2024-09-19 14:28:09,TDB_CUST_7975823,AAPL,SELL,210,593.47
TDB_00003205,2024-09-22 15:58:14,TDB_CUST_5832322,JPM,BUY,142,1297.23
TDB_00003206,2024-09-22 03:57:49,TDB_CUST_1354101,JPM,SELL,867,1255.91
TDB_00003207,2024-09-19 16:40:06,TDB_CUST_8018387,JPM,BUY,385,1172.31
TDB_00003208,2024-09-24 01:50:25,TDB_CUST_5641510,TSLA,BUY,856,938.92
TDB_00003209,2024-09-24 06:34:30,TDB_CUST_8241914,TSLA,SELL,104,697.29
TDB_00003210,2024-09-19 12:16:45,TDB_CUST_4813998,NVDA,SELL,959,1415.03
TDB_00003211,2024-09-19 08:34:00,TDB_CUST_4179630,NVDA,BUY,151,1342.16
TDB_00003212,2024-09-24 12:35:01,TDB_CUST_4995436,JPM,SELL,215,1463.44
TDB_00003213,2024-09-20 09:37:01,TDB_CUST_1424043,NFLX,SELL,609,1092.53
TDB_00003214,2024-09-22 22:58:28,TDB_CUST_3106879,AMZN,BUY,56,299.05
TDB_00003215,2024-09-20 05:20:03,TDB_CUST_8872811,GOOGL,SELL,314,1202.74
TDB_00003216,2024-09-23 08:09:23,TDB_CUST_4879070,MSFT,SELL,488,660.69
TDB_00003217,2024-09-25 00:32:23,TDB_CUST_9373607,GOOGL,SELL,20,268.01
TDB_00003218,2024-09-23 01:59:22,TDB_CUST_9616034,FB,BUY,912,528.79
TDB_00003219,2024-09-21 19:35:53,TDB_CUST_7042432,NVDA,SELL,579,522.05
TDB_00003220,2024-09-25 05:54:06,TDB_CUST_6565610,NVDA,BUY,341,1188.76
TDB_00003221,2024-09-22 09:35:02,TDB_CUST_1053653,FB,BUY,722,805.39
TDB_00003222,2024-09-19 08:11:58,TDB_CUST_6224876,NFLX,SELL,488,796.33
TDB_00003223,2024-09-25 02:16:50,TDB_CUST_7402179,V,BUY,325,803.52
TDB_00003224,2024-09-22 20:43:45,TDB_CUST_6689700,TSLA,BUY,342,349.17
TDB_00003225,2024-09-23 02:01:38,TDB_CUST_9499404,AMZN,BUY,624,853.17
TDB_00003226,2024-09-21 03:15:27,TDB_CUST_5814104,AAPL,BUY,98,822.27
TDB_00003227,2024-09-24 08:16:21,TDB_CUST_4898028,TSLA,SELL,91,193.98
TDB_00003228,2024-09-19 02:20:41,TDB_CUST_4474366,GOOGL,BUY,60,1332.25
TDB_00003229,2024-09-24 12:05:53,TDB_CUST_7659425,GOOGL,BUY,432,702.4
TDB_00003230,2024-09-25 03:13:04,TDB_CUST_1427500,TSLA,BUY,242,253.12
TDB_00003231,2024-09-20 22:48:26,TDB_CUST_7211484,NFLX,BUY,646,513.88
TDB_00003232,2024-09-21 11:33:43,TDB_CUST_1185366,JPM,SELL,402,552.62
TDB_00003233,2024-09-22 19:15:15,TDB_CUST_6704273,TSLA,SELL,313,307.69
TDB_00003234,2024-09-19 19:59:33,TDB_CUST_6420003,AAPL,BUY,940,930.69
TDB_00003235,2024-09-20 06:31:17,TDB_CUST_8634195,NFLX,SELL,776,12.54
TDB_00003236,2024-09-24 06:48:17,TDB_CUST_2384766,NVDA,BUY,673,524.37
TDB_00003237,2024-09-23 19:53:21,TDB_CUST_4489384,MSFT,SELL,805,169.94
TDB_00003238,2024-09-23 18:14:44,TDB_CUST_2655082,TSLA,BUY,152,75.65
TDB_00003239,2024-09-21 20:16:29,TDB_CUST_3120228,NFLX,SELL,3,1436.78
TDB_00003240,2024-09-24 07:05:35,TDB_CUST_9082142,GOOGL,SELL,825,1137.14
TDB_00003241,2024-09-25 08:14:27,TDB_CUST_3864967,GOOGL,SELL,152,1003.47
TDB_00003242,2024-09-21 22:12:48,TDB_CUST_3518526,MSFT,BUY,553,246.8
TDB_00003243,2024-09-21 09:57:05,TDB_CUST_9191002,AAPL,BUY,113,1482.3
TDB_00003244,2024-09-24 02:19:21,TDB_CUST_6809270,TSLA,BUY,906,993.92
TDB_00003245,2024-09-21 16:05:01,TDB_CUST_8129690,JPM,BUY,217,587.19
TDB_00003246,2024-09-25 04:01:13,TDB_CUST_3694300,GOOGL,BUY,728,1496.82
TDB_00003247,2024-09-21 23:27:07,TDB_CUST_7383675,V,BUY,154,722.23
TDB_00003248,2024-09-22 03:01:10,TDB_CUST_7094544,NVDA,BUY,61,1240.72
TDB_00003249,2024-09-20 20:48:05,TDB_CUST_8580630,NFLX,BUY,517,514.35
TDB_00003250,2024-09-22 21:01:30,TDB_CUST_2917069,JPM,SELL,678,740.7
TDB_00003251,2024-09-20 08:36:59,TDB_CUST_3187920,TSLA,SELL,165,945.63
TDB_00003252,2024-09-21 08:57:57,TDB_CUST_1075134,NVDA,SELL,399,1408.38
TDB_00003253,2024-09-20 10:56:26,TDB_CUST_7511101,NVDA,BUY,903,1204.9
TDB_00003254,2024-09-20 06:56:36,TDB_CUST_4753534,NVDA,BUY,968,385.25
TDB_00003255,2024-09-19 11:44:44,TDB_CUST_3245754,TSLA,SELL,24,1253.56
TDB_00003256,2024-09-23 23:23:38,TDB_CUST_5233757,V,SELL,830,543.69
TDB_00003257,2024-09-19 02:52:51,TDB_CUST_2582486,GOOGL,SELL,348,310.31
TDB_00003258,2024-09-23 14:34:16,TDB_CUST_8544409,JPM,SELL,623,1181.4
TDB_00003259,2024-09-20 08:13:08,TDB_CUST_4594689,NFLX,SELL,246,20.08
TDB_00003260,2024-09-23 13:30:47,TDB_CUST_3431043,V,BUY,579,313.67
TDB_00003261,2024-09-21 23:40:54,TDB_CUST_4154578,JPM,BUY,98,269.29
TDB_00003262,2024-09-21 12:31:10,TDB_CUST_1776137,MSFT,SELL,185,1254.8
TDB_00003263,2024-09-19 08:25:25,TDB_CUST_4504103,GOOGL,SELL,648,991.0
TDB_00003264,2024-09-24 15:31:27,TDB_CUST_6854729,V,BUY,638,560.41
TDB_00003265,2024-09-22 02:20:39,TDB_CUST_8754757,JPM,BUY,972,319.67
TDB_00003266,2024-09-25 09:29:35,TDB_CUST_2481151,AMZN,BUY,37,1068.95
TDB_00003267,2024-09-19 10:19:45,TDB_CUST_9562863,AMZN,SELL,852,789.89
TDB_00003268,2024-09-24 23:09:50,TDB_CUST_4563242,V,BUY,430,1449.46
TDB_00003269,2024-09-22 20:13:21,TDB_CUST_3006569,V,BUY,524,270.36
TDB_00003270,2024-09-21 16:51:56,TDB_CUST_1707333,NFLX,SELL,661,227.71
TDB_00003271,2024-09-24 03:24:02,TDB_CUST_3012139,FB,BUY,305,712.78
TDB_00003272,2024-09-25 04:14:38,TDB_CUST_8115595,AMZN,BUY,27,553.56
TDB_00003273,2024-09-19 21:05:13,TDB_CUST_1247219,GOOGL,BUY,113,606.66
TDB_00003274,2024-09-25 17:47:54,TDB_CUST_3439420,AAPL,SELL,710,881.93
TDB_00003275,2024-09-25 00:45:18,TDB_CUST_8164020,TSLA,SELL,307,1220.87
TDB_00003276,2024-09-20 15:01:23,TDB_CUST_9742224,FB,BUY,578,128.65
TDB_00003277,2024-09-21 01:17:15,TDB_CUST_4271185,NFLX,SELL,88,563.89
TDB_00003278,2024-09-22 19:55:51,TDB_CUST_8712226,NVDA,BUY,527,948.04
TDB_00003279,2024-09-25 14:23:31,TDB_CUST_7198719,TSLA,SELL,568,155.06
TDB_00003280,2024-09-19 10:11:11,TDB_CUST_5665529,JPM,SELL,890,295.65
TDB_00003281,2024-09-25 15:35:18,TDB_CUST_3862253,FB,BUY,88,674.97
TDB_00003282,2024-09-21 22:58:24,TDB_CUST_5199468,NVDA,BUY,568,1432.87
TDB_00003283,2024-09-21 18:58:40,TDB_CUST_6533005,AMZN,BUY,127,234.26
TDB_00003284,2024-09-20 16:33:46,TDB_CUST_1609515,NFLX,SELL,961,975.63
TDB_00003285,2024-09-22 09:26:09,TDB_CUST_1039135,NVDA,SELL,404,385.88
TDB_00003286,2024-09-20 11:14:09,TDB_CUST_7759593,GOOGL,SELL,19,1280.08
TDB_00003287,2024-09-18 19:37:14,TDB_CUST_9590721,FB,SELL,281,1423.84
TDB_00003288,2024-09-24 10:34:02,TDB_CUST_9991046,MSFT,SELL,979,1317.55
TDB_00003289,2024-09-21 18:44:37,TDB_CUST_2992673,GOOGL,BUY,603,710.68
TDB_00003290,2024-09-22 18:17:49,TDB_CUST_5622801,NVDA,BUY,847,645.7
TDB_00003291,2024-09-23 03:09:33,TDB_CUST_6475013,JPM,BUY,24,863.67
TDB_00003292,2024-09-20 09:10:18,TDB_CUST_1148910,GOOGL,SELL,979,793.17
TDB_00003293,2024-09-23 03:37:57,TDB_CUST_2431647,V,SELL,148,1469.09
TDB_00003294,2024-09-25 14:13:45,TDB_CUST_5449457,NFLX,SELL,516,1234.26
TDB_00003295,2024-09-24 16:54:55,TDB_CUST_7364393,AMZN,SELL,80,440.85
TDB_00003296,2024-09-21 16:35:07,TDB_CUST_9155527,MSFT,BUY,728,912.38
TDB_00003297,2024-09-21 05:24:35,TDB_CUST_3096485,MSFT,BUY,183,1481.87
TDB_00003298,2024-09-20 01:55:34,TDB_CUST_5971567,FB,SELL,671,376.2
TDB_00003299,2024-09-22 01:09:03,TDB_CUST_8853647,FB,BUY,442,188.79
TDB_00003300,2024-09-22 23:55:38,TDB_CUST_4840750,AAPL,BUY,174,1492.51
TDB_00003301,2024-09-25 12:19:13,TDB_CUST_7145315,NFLX,SELL,581,655.27
TDB_00003302,2024-09-21 23:04:09,TDB_CUST_2124587,AAPL,BUY,618,1111.83
TDB_00003303,2024-09-20 10:22:28,TDB_CUST_3526814,V,BUY,685,97.22
TDB_00003304,2024-09-25 03:59:38,TDB_CUST_9423682,GOOGL,BUY,872,1025.39
TDB_00003305,2024-09-21 22:07:11,TDB_CUST_1875058,AAPL,BUY,99,1136.2
TDB_00003306,2024-09-22 13:49:20,TDB_CUST_7288491,NVDA,BUY,455,974.72
TDB_00003307,2024-09-23 03:33:39,TDB_CUST_7094519,AAPL,SELL,763,326.88
TDB_00003308,2024-09-24 14:44:13,TDB_CUST_7401578,NVDA,SELL,508,678.36
TDB_00003309,2024-09-21 05:50:15,TDB_CUST_3091917,AMZN,SELL,750,774.33
TDB_00003310,2024-09-20 13:47:34,TDB_CUST_6613974,TSLA,SELL,557,766.88
TDB_00003311,2024-09-24 08:02:03,TDB_CUST_4962781,AAPL,BUY,683,294.67
TDB_00003312,2024-09-25 04:24:13,TDB_CUST_8672018,TSLA,SELL,246,1060.0
TDB_00003313,2024-09-25 05:21:37,TDB_CUST_4738856,NFLX,BUY,446,75.23
TDB_00003314,2024-09-24 00:14:03,TDB_CUST_7078194,JPM,BUY,911,499.31
TDB_00003315,2024-09-24 17:33:38,TDB_CUST_6861578,AAPL,BUY,689,954.5
TDB_00003316,2024-09-25 03:26:41,TDB_CUST_2677667,V,SELL,134,915.39
TDB_00003317,2024-09-21 00:33:30,TDB_CUST_4689779,TSLA,SELL,361,1257.27
TDB_00003318,2024-09-19 16:57:29,TDB_CUST_1345754,GOOGL,BUY,727,623.84
TDB_00003319,2024-09-20 02:02:28,TDB_CUST_1036212,NFLX,BUY,70,1071.75
TDB_00003320,2024-09-21 14:01:26,TDB_CUST_2098888,TSLA,BUY,991,65.6
TDB_00003321,2024-09-23 10:18:53,TDB_CUST_4696564,MSFT,SELL,98,510.85
TDB_00003322,2024-09-24 21:17:33,TDB_CUST_8304768,NFLX,BUY,107,530.68
TDB_00003323,2024-09-23 18:05:45,TDB_CUST_5896719,FB,BUY,593,777.49
TDB_00003324,2024-09-22 22:41:03,TDB_CUST_5295202,GOOGL,BUY,531,419.08
TDB_00003325,2024-09-20 23:58:36,TDB_CUST_1607065,JPM,SELL,815,511.61
TDB_00003326,2024-09-21 07:38:13,TDB_CUST_5810837,FB,SELL,240,301.79
TDB_00003327,2024-09-20 04:48:14,TDB_CUST_2387379,FB,SELL,478,480.61
TDB_00003328,2024-09-22 12:42:40,TDB_CUST_6523156,AMZN,BUY,152,305.99
TDB_00003329,2024-09-23 09:07:44,TDB_CUST_6274669,MSFT,BUY,12,65.42
TDB_00003330,2024-09-19 09:25:24,TDB_CUST_2027319,MSFT,BUY,785,544.8
TDB_00003331,2024-09-24 13:57:39,TDB_CUST_8200332,JPM,BUY,830,1315.99
TDB_00003332,2024-09-23 20:40:37,TDB_CUST_9548635,FB,SELL,851,279.81
TDB_00003333,2024-09-23 20:19:36,TDB_CUST_6573963,NFLX,SELL,19,800.4
TDB_00003334,2024-09-24 05:48:05,TDB_CUST_8678794,TSLA,SELL,749,431.23
TDB_00003335,2024-09-20 17:01:26,TDB_CUST_1233828,FB,SELL,676,931.21
TDB_00003336,2024-09-24 12:31:14,TDB_CUST_4221283,AAPL,SELL,239,714.22
TDB_00003337,2024-09-19 03:34:22,TDB_CUST_6067329,TSLA,SELL,362,1016.33
TDB_00003338,2024-09-25 06:03:25,TDB_CUST_2828347,GOOGL,BUY,524,269.62
TDB_00003339,2024-09-22 03:44:41,TDB_CUST_1560029,V,BUY,271,150.35
TDB_00003340,2024-09-24 08:26:45,TDB_CUST_5660688,GOOGL,SELL,638,356.67
TDB_00003341,2024-09-18 23:57:46,TDB_CUST_2338306,MSFT,BUY,814,1075.89
TDB_00003342,2024-09-21 19:37:50,TDB_CUST_9621383,NFLX,SELL,402,565.66
TDB_00003343,2024-09-23 12:10:37,TDB_CUST_4940569,AMZN,BUY,148,422.4
TDB_00003344,2024-09-22 05:22:33,TDB_CUST_2001770,GOOGL,SELL,254,902.02
TDB_00003345,2024-09-22 18:16:37,TDB_CUST_1349887,NFLX,BUY,92,1023.14
TDB_00003346,2024-09-23 04:53:33,TDB_CUST_6412240,JPM,SELL,249,1262.0
TDB_00003347,2024-09-22 05:32:55,TDB_CUST_8044843,JPM,SELL,712,1314.74
TDB_00003348,2024-09-25 05:52:38,TDB_CUST_6172854,TSLA,SELL,220,973.05
TDB_00003349,2024-09-24 23:52:19,TDB_CUST_3912996,NVDA,SELL,335,732.69
TDB_00003350,2024-09-22 00:30:27,TDB_CUST_7786232,AMZN,SELL,116,1342.64
TDB_00003351,2024-09-19 06:04:05,TDB_CUST_4031688,GOOGL,BUY,411,254.86
TDB_00003352,2024-09-19 08:00:36,TDB_CUST_4015354,GOOGL,BUY,44,1316.64
TDB_00003353,2024-09-22 01:38:43,TDB_CUST_5530140,MSFT,BUY,436,1092.18
TDB_00003354,2024-09-21 22:55:24,TDB_CUST_8731867,NVDA,BUY,892,1018.06
TDB_00003355,2024-09-18 22:54:50,TDB_CUST_9775349,MSFT,BUY,730,953.99
TDB_00003356,2024-09-23 05:41:10,TDB_CUST_5424771,AMZN,BUY,398,1451.58
TDB_00003357,2024-09-20 03:03:19,TDB_CUST_5360470,V,BUY,804,468.65
TDB_00003358,2024-09-21 14:03:52,TDB_CUST_6625377,AAPL,BUY,49,1427.86
TDB_00003359,2024-09-25 00:25:38,TDB_CUST_6298256,V,BUY,986,76.07
TDB_00003360,2024-09-25 15:42:01,TDB_CUST_6442279,GOOGL,SELL,860,266.84
TDB_00003361,2024-09-24 16:24:14,TDB_CUST_3946801,FB,BUY,659,66.86
TDB_00003362,2024-09-23 22:46:51,TDB_CUST_6601453,AAPL,SELL,364,1085.06
TDB_00003363,2024-09-24 07:40:48,TDB_CUST_8417111,MSFT,SELL,502,1198.6
TDB_00003364,2024-09-25 08:22:25,TDB_CUST_7067185,GOOGL,BUY,719,332.11
TDB_00003365,2024-09-19 23:13:04,TDB_CUST_5382097,AMZN,SELL,534,471.68
TDB_00003366,2024-09-21 23:17:00,TDB_CUST_2004664,MSFT,SELL,619,785.17
TDB_00003367,2024-09-24 01:03:59,TDB_CUST_8267710,TSLA,SELL,588,314.69
TDB_00003368,2024-09-21 00:57:58,TDB_CUST_9322757,TSLA,BUY,605,1117.04
TDB_00003369,2024-09-23 16:56:03,TDB_CUST_2638151,TSLA,BUY,700,811.6
TDB_00003370,2024-09-23 01:43:42,TDB_CUST_6445258,TSLA,SELL,62,1291.61
TDB_00003371,2024-09-22 14:32:09,TDB_CUST_8488297,AAPL,BUY,864,1381.38
TDB_00003372,2024-09-19 21:51:43,TDB_CUST_4100969,JPM,SELL,866,1353.46
TDB_00003373,2024-09-25 04:37:30,TDB_CUST_1626793,TSLA,SELL,979,457.41
TDB_00003374,2024-09-20 12:35:19,TDB_CUST_5515633,AAPL,BUY,209,1254.63
TDB_00003375,2024-09-21 12:12:28,TDB_CUST_3243413,JPM,SELL,254,507.77
TDB_00003376,2024-09-20 00:45:52,TDB_CUST_6619766,NVDA,BUY,377,571.01
TDB_00003377,2024-09-21 06:30:03,TDB_CUST_6099180,NFLX,SELL,311,1108.51
TDB_00003378,2024-09-20 11:38:46,TDB_CUST_4385887,JPM,BUY,799,712.66
TDB_00003379,2024-09-21 16:10:55,TDB_CUST_6486091,FB,BUY,190,924.4
TDB_00003380,2024-09-19 19:41:04,TDB_CUST_6803132,AAPL,SELL,354,1194.71
TDB_00003381,2024-09-19 17:39:56,TDB_CUST_2052053,AAPL,BUY,614,1335.36
TDB_00003382,2024-09-25 14:09:56,TDB_CUST_9208106,GOOGL,SELL,975,1015.28
TDB_00003383,2024-09-21 08:15:20,TDB_CUST_9094923,FB,SELL,618,834.04
TDB_00003384,2024-09-25 13:42:44,TDB_CUST_9254258,NFLX,BUY,687,495.78
TDB_00003385,2024-09-19 21:34:57,TDB_CUST_2174673,GOOGL,SELL,189,219.46
TDB_00003386,2024-09-19 08:26:14,TDB_CUST_1291720,NVDA,BUY,123,664.69
TDB_00003387,2024-09-23 04:53:25,TDB_CUST_3115965,NVDA,SELL,599,796.13
TDB_00003388,2024-09-22 17:14:44,TDB_CUST_8076353,V,BUY,3,1443.75
TDB_00003389,2024-09-23 10:19:03,TDB_CUST_6222602,AAPL,SELL,611,204.9
TDB_00003390,2024-09-25 15:07:20,TDB_CUST_5002151,AAPL,SELL,103,1046.24
TDB_00003391,2024-09-21 20:29:21,TDB_CUST_2593800,GOOGL,SELL,267,1238.21
TDB_00003392,2024-09-19 02:26:06,TDB_CUST_6057081,AAPL,SELL,732,935.21
TDB_00003393,2024-09-23 05:59:16,TDB_CUST_8667105,NFLX,SELL,230,835.64
TDB_00003394,2024-09-22 05:45:25,TDB_CUST_1416888,TSLA,SELL,215,682.03
TDB_00003395,2024-09-24 07:43:04,TDB_CUST_7477949,GOOGL,SELL,709,809.38
TDB_00003396,2024-09-18 21:38:29,TDB_CUST_3259113,NFLX,SELL,11,374.81
TDB_00003397,2024-09-22 18:17:30,TDB_CUST_7196864,AMZN,BUY,60,388.91
TDB_00003398,2024-09-24 21:54:24,TDB_CUST_8219961,NFLX,SELL,858,1280.36
TDB_00003399,2024-09-23 15:08:59,TDB_CUST_5361690,JPM,BUY,279,526.68
TDB_00003400,2024-09-22 11:17:21,TDB_CUST_8396944,NFLX,SELL,190,165.25
TDB_00003401,2024-09-19 19:00:20,TDB_CUST_8782371,AAPL,BUY,726,1108.49
TDB_00003402,2024-09-22 10:25:47,TDB_CUST_4841523,V,SELL,372,866.93
TDB_00003403,2024-09-19 22:29:43,TDB_CUST_4996637,GOOGL,SELL,913,1385.53
TDB_00003404,2024-09-20 07:01:33,TDB_CUST_5094780,AAPL,BUY,567,1461.28
TDB_00003405,2024-09-24 06:42:55,TDB_CUST_8615387,GOOGL,BUY,339,821.76
TDB_00003406,2024-09-25 02:49:53,TDB_CUST_6694032,TSLA,BUY,267,178.2
TDB_00003407,2024-09-24 18:08:56,TDB_CUST_4816050,V,BUY,100,166.98
TDB_00003408,2024-09-20 02:28:04,TDB_CUST_4963282,JPM,BUY,749,530.59
TDB_00003409,2024-09-24 10:22:04,TDB_CUST_9974962,NFLX,SELL,634,441.18
TDB_00003410,2024-09-19 03:35:26,TDB_CUST_7357078,V,SELL,76,244.48
TDB_00003411,2024-09-22 14:08:08,TDB_CUST_8067820,TSLA,SELL,580,793.97
TDB_00003412,2024-09-25 14:36:22,TDB_CUST_8587724,AAPL,SELL,248,1130.94
TDB_00003413,2024-09-22 14:30:37,TDB_CUST_1492872,V,SELL,766,803.74
TDB_00003414,2024-09-24 09:41:41,TDB_CUST_9746350,MSFT,BUY,665,663.55
TDB_00003415,2024-09-24 07:38:07,TDB_CUST_8444230,FB,SELL,980,201.05
TDB_00003416,2024-09-22 13:13:25,TDB_CUST_8716022,NFLX,BUY,643,1220.89
TDB_00003417,2024-09-25 02:27:37,TDB_CUST_1367797,JPM,BUY,593,1140.66
TDB_00003418,2024-09-24 02:23:22,TDB_CUST_8729851,V,BUY,833,714.13
TDB_00003419,2024-09-25 17:41:14,TDB_CUST_5000657,TSLA,BUY,735,1489.94
TDB_00003420,2024-09-19 06:46:10,TDB_CUST_4337834,AMZN,BUY,240,1397.13
TDB_00003421,2024-09-19 00:21:14,TDB_CUST_6660455,GOOGL,BUY,720,732.61
TDB_00003422,2024-09-23 04:56:23,TDB_CUST_4870068,JPM,SELL,936,1317.65
TDB_00003423,2024-09-19 04:44:08,TDB_CUST_9658449,GOOGL,BUY,301,1246.15
TDB_00003424,2024-09-21 13:24:03,TDB_CUST_4424647,NFLX,BUY,484,1398.17
TDB_00003425,2024-09-20 10:20:53,TDB_CUST_3336607,AMZN,BUY,314,1102.28
TDB_00003426,2024-09-25 07:31:20,TDB_CUST_4820341,JPM,BUY,835,1436.3
TDB_00003427,2024-09-20 07:55:55,TDB_CUST_7946772,JPM,SELL,713,623.19
TDB_00003428,2024-09-21 10:01:44,TDB_CUST_2107247,NVDA,BUY,731,1236.04
TDB_00003429,2024-09-23 11:45:03,TDB_CUST_6243618,V,SELL,716,838.81
TDB_00003430,2024-09-24 02:57:14,TDB_CUST_9821551,MSFT,SELL,45,919.33
TDB_00003431,2024-09-25 03:08:14,TDB_CUST_6365653,NVDA,SELL,772,902.17
TDB_00003432,2024-09-19 00:43:55,TDB_CUST_1364627,MSFT,SELL,184,581.41
TDB_00003433,2024-09-24 21:51:00,TDB_CUST_4426987,TSLA,SELL,93,1497.12
TDB_00003434,2024-09-22 02:52:27,TDB_CUST_5181049,GOOGL,BUY,910,536.74
TDB_00003435,2024-09-22 02:23:07,TDB_CUST_9547143,V,BUY,498,1469.25
TDB_00003436,2024-09-21 19:49:11,TDB_CUST_4831152,AAPL,SELL,460,676.08
TDB_00003437,2024-09-19 07:31:27,TDB_CUST_3825362,AMZN,BUY,252,755.07
TDB_00003438,2024-09-20 08:07:58,TDB_CUST_1567013,JPM,BUY,124,265.85
TDB_00003439,2024-09-18 23:15:13,TDB_CUST_9232396,FB,SELL,600,1033.79
TDB_00003440,2024-09-23 08:47:10,TDB_CUST_8806267,NVDA,BUY,679,363.92
TDB_00003441,2024-09-22 03:56:57,TDB_CUST_5707070,FB,BUY,517,1142.92
TDB_00003442,2024-09-25 09:01:54,TDB_CUST_7302619,JPM,SELL,442,1457.99
TDB_00003443,2024-09-23 01:13:02,TDB_CUST_5642858,NFLX,SELL,897,376.68
TDB_00003444,2024-09-23 09:30:23,TDB_CUST_2941092,GOOGL,SELL,188,309.1
TDB_00003445,2024-09-21 11:44:50,TDB_CUST_2632051,TSLA,SELL,95,709.4
TDB_00003446,2024-09-20 07:17:22,TDB_CUST_4398512,NVDA,BUY,386,867.45
TDB_00003447,2024-09-19 23:35:37,TDB_CUST_7027336,NVDA,SELL,486,1172.36
TDB_00003448,2024-09-23 02:51:48,TDB_CUST_3927259,AAPL,BUY,477,182.63
TDB_00003449,2024-09-22 01:34:52,TDB_CUST_5204132,V,BUY,800,32.72
TDB_00003450,2024-09-19 04:07:44,TDB_CUST_2911606,AMZN,SELL,733,154.83
TDB_00003451,2024-09-19 19:01:22,TDB_CUST_7047472,JPM,SELL,715,755.82
TDB_00003452,2024-09-21 16:52:28,TDB_CUST_5174554,TSLA,SELL,302,448.53
TDB_00003453,2024-09-23 16:41:08,TDB_CUST_7512980,NVDA,BUY,267,1178.6
TDB_00003454,2024-09-20 00:32:07,TDB_CUST_8241314,AAPL,SELL,371,99.95
TDB_00003455,2024-09-21 13:40:22,TDB_CUST_5716688,NVDA,SELL,776,1338.16
TDB_00003456,2024-09-22 06:09:39,TDB_CUST_7836640,AMZN,SELL,108,1075.11
TDB_00003457,2024-09-22 17:02:45,TDB_CUST_1291618,AMZN,BUY,27,1178.48
TDB_00003458,2024-09-24 06:58:48,TDB_CUST_5974859,JPM,BUY,598,1466.49
TDB_00003459,2024-09-20 21:01:39,TDB_CUST_7007432,NVDA,SELL,112,1039.6
TDB_00003460,2024-09-20 19:34:04,TDB_CUST_3263012,V,BUY,870,103.45
TDB_00003461,2024-09-24 14:06:02,TDB_CUST_8538040,JPM,BUY,784,1039.51
TDB_00003462,2024-09-22 21:52:26,TDB_CUST_6174925,TSLA,BUY,741,1428.36
TDB_00003463,2024-09-19 07:26:59,TDB_CUST_8578977,V,SELL,218,1327.02
TDB_00003464,2024-09-21 15:26:40,TDB_CUST_3051183,JPM,BUY,8,442.18
TDB_00003465,2024-09-25 12:37:05,TDB_CUST_9443996,GOOGL,SELL,305,412.48
TDB_00003466,2024-09-20 21:17:11,TDB_CUST_6523210,AMZN,SELL,343,1240.88
TDB_00003467,2024-09-22 14:07:10,TDB_CUST_9329629,MSFT,BUY,523,873.58
TDB_00003468,2024-09-22 13:46:33,TDB_CUST_1810618,AAPL,SELL,21,277.01
TDB_00003469,2024-09-24 13:04:47,TDB_CUST_3930283,FB,SELL,80,31.79
TDB_00003470,2024-09-20 23:19:22,TDB_CUST_7246931,JPM,BUY,743,948.88
TDB_00003471,2024-09-25 02:06:04,TDB_CUST_1607566,AMZN,SELL,65,194.91
TDB_00003472,2024-09-23 18:08:44,TDB_CUST_9984131,NFLX,SELL,681,1464.4
TDB_00003473,2024-09-23 00:37:34,TDB_CUST_4699463,GOOGL,BUY,558,911.43
TDB_00003474,2024-09-25 12:16:21,TDB_CUST_1935244,FB,BUY,340,1293.17
TDB_00003475,2024-09-21 02:23:26,TDB_CUST_9677856,TSLA,SELL,148,745.4
TDB_00003476,2024-09-19 10:28:35,TDB_CUST_3006638,JPM,BUY,284,1402.4
TDB_00003477,2024-09-20 10:22:34,TDB_CUST_2813108,MSFT,SELL,617,464.42
TDB_00003478,2024-09-25 05:00:00,TDB_CUST_8521569,NVDA,BUY,843,1270.25
TDB_00003479,2024-09-22 09:40:26,TDB_CUST_1580862,TSLA,SELL,320,430.53
TDB_00003480,2024-09-23 08:45:20,TDB_CUST_3399475,TSLA,SELL,703,785.93
TDB_00003481,2024-09-19 17:50:17,TDB_CUST_2566120,AAPL,SELL,259,1497.1
TDB_00003482,2024-09-19 00:16:16,TDB_CUST_3678065,FB,SELL,58,1169.2
TDB_00003483,2024-09-21 10:55:14,TDB_CUST_2445480,TSLA,SELL,947,881.44
TDB_00003484,2024-09-22 05:05:23,TDB_CUST_6492692,NVDA,SELL,607,1147.21
TDB_00003485,2024-09-23 01:50:59,TDB_CUST_3451005,NFLX,BUY,12,198.65
TDB_00003486,2024-09-19 14:57:41,TDB_CUST_5724621,NFLX,SELL,977,145.49
TDB_00003487,2024-09-22 04:26:27,TDB_CUST_5804774,NVDA,BUY,750,930.55
TDB_00003488,2024-09-21 03:15:35,TDB_CUST_6464700,AMZN,BUY,592,619.28
TDB_00003489,2024-09-20 21:51:33,TDB_CUST_4329977,V,SELL,571,581.7
TDB_00003490,2024-09-25 00:32:49,TDB_CUST_1316109,TSLA,BUY,931,811.85
TDB_00003491,2024-09-22 16:58:55,TDB_CUST_4578781,V,SELL,31,834.95
TDB_00003492,2024-09-25 11:04:52,TDB_CUST_2077236,AAPL,BUY,263,1113.64
TDB_00003493,2024-09-24 20:52:08,TDB_CUST_9464353,NFLX,SELL,668,104.68
TDB_00003494,2024-09-19 10:52:06,TDB_CUST_9597512,V,SELL,874,45.05
TDB_00003495,2024-09-19 06:25:44,TDB_CUST_9417024,AAPL,BUY,743,1269.25
TDB_00003496,2024-09-20 14:14:28,TDB_CUST_1953993,JPM,BUY,323,503.84
TDB_00003497,2024-09-20 16:17:27,TDB_CUST_6491968,AAPL,SELL,436,1353.16
TDB_00003498,2024-09-22 19:02:48,TDB_CUST_8202637,FB,BUY,289,61.02
TDB_00003499,2024-09-21 17:44:15,TDB_CUST_2094868,AMZN,SELL,651,1002.55
TDB_00003500,2024-09-20 17:59:18,TDB_CUST_9290942,NFLX,SELL,860,853.25
TDB_00003501,2024-09-22 03:58:09,TDB_CUST_3413426,NVDA,BUY,561,575.64
TDB_00003502,2024-09-25 13:29:57,TDB_CUST_7917729,AAPL,SELL,865,993.75
TDB_00003503,2024-09-22 21:11:47,TDB_CUST_4684264,MSFT,SELL,937,1488.04
TDB_00003504,2024-09-24 15:05:25,TDB_CUST_9095169,JPM,BUY,735,894.66
TDB_00003505,2024-09-19 16:50:36,TDB_CUST_7824225,JPM,BUY,198,256.09
TDB_00003506,2024-09-20 10:58:46,TDB_CUST_9682806,AMZN,SELL,697,99.14
TDB_00003507,2024-09-21 11:56:49,TDB_CUST_2911457,V,BUY,746,279.06
TDB_00003508,2024-09-23 19:45:44,TDB_CUST_3517094,GOOGL,BUY,34,219.3
TDB_00003509,2024-09-24 13:26:28,TDB_CUST_5694785,AAPL,SELL,736,1267.27
TDB_00003510,2024-09-21 13:16:02,TDB_CUST_1865560,FB,BUY,66,86.41
TDB_00003511,2024-09-20 03:27:34,TDB_CUST_1530643,GOOGL,BUY,838,1402.97
TDB_00003512,2024-09-23 18:20:27,TDB_CUST_1273343,TSLA,BUY,608,219.72
TDB_00003513,2024-09-19 01:53:45,TDB_CUST_9743820,AAPL,SELL,970,1200.68
TDB_00003514,2024-09-19 14:42:53,TDB_CUST_6122263,AAPL,SELL,353,1160.17
TDB_00003515,2024-09-21 01:40:29,TDB_CUST_3991647,GOOGL,BUY,512,1154.15
TDB_00003516,2024-09-25 09:09:48,TDB_CUST_3429456,AMZN,SELL,679,436.16
TDB_00003517,2024-09-25 11:22:14,TDB_CUST_3271481,TSLA,BUY,145,709.05
TDB_00003518,2024-09-25 02:08:15,TDB_CUST_1522185,GOOGL,SELL,598,966.39
TDB_00003519,2024-09-22 17:56:24,TDB_CUST_4974686,FB,SELL,201,357.9
TDB_00003520,2024-09-23 17:43:22,TDB_CUST_4295976,NFLX,SELL,634,387.62
TDB_00003521,2024-09-24 04:44:19,TDB_CUST_7306268,AAPL,BUY,621,749.23
TDB_00003522,2024-09-23 18:18:59,TDB_CUST_9277605,AAPL,BUY,383,805.07
TDB_00003523,2024-09-23 16:34:08,TDB_CUST_3598958,AAPL,BUY,631,900.12
TDB_00003524,2024-09-25 05:55:24,TDB_CUST_1086071,TSLA,BUY,729,1039.58
TDB_00003525,2024-09-21 08:12:37,TDB_CUST_6429746,AMZN,SELL,40,172.64
TDB_00003526,2024-09-21 22:45:16,TDB_CUST_9090500,NVDA,SELL,391,949.72
TDB_00003527,2024-09-23 06:23:51,TDB_CUST_2629449,TSLA,BUY,404,45.7
TDB_00003528,2024-09-21 09:24:25,TDB_CUST_4438632,MSFT,SELL,411,1069.04
TDB_00003529,2024-09-24 20:49:40,TDB_CUST_2913452,FB,SELL,240,553.19
TDB_00003530,2024-09-24 20:17:34,TDB_CUST_4465368,V,SELL,209,126.86
TDB_00003531,2024-09-19 15:03:03,TDB_CUST_9847972,AMZN,SELL,640,879.4
TDB_00003532,2024-09-21 07:32:13,TDB_CUST_3638743,AMZN,SELL,912,103.79
TDB_00003533,2024-09-20 01:33:24,TDB_CUST_4983714,AMZN,SELL,993,782.39
TDB_00003534,2024-09-25 08:05:38,TDB_CUST_1072393,FB,BUY,170,1235.04
TDB_00003535,2024-09-19 20:11:31,TDB_CUST_3285992,JPM,SELL,569,613.56
TDB_00003536,2024-09-24 14:35:09,TDB_CUST_5448559,AMZN,SELL,921,1146.63
TDB_00003537,2024-09-21 03:56:09,TDB_CUST_8420808,AAPL,BUY,874,1491.22
TDB_00003538,2024-09-21 20:13:05,TDB_CUST_4986075,V,SELL,33,923.62
TDB_00003539,2024-09-21 09:32:56,TDB_CUST_2909346,NVDA,SELL,546,994.95
TDB_00003540,2024-09-20 22:30:06,TDB_CUST_7382552,GOOGL,SELL,804,1025.26
TDB_00003541,2024-09-22 05:42:43,TDB_CUST_3496271,GOOGL,BUY,818,1020.01
TDB_00003542,2024-09-21 14:45:47,TDB_CUST_2570546,MSFT,SELL,143,146.21
TDB_00003543,2024-09-22 14:23:35,TDB_CUST_1188304,AAPL,SELL,539,297.08
TDB_00003544,2024-09-21 22:05:51,TDB_CUST_5697844,NFLX,SELL,489,510.51
TDB_00003545,2024-09-23 17:35:14,TDB_CUST_4333855,AMZN,BUY,388,53.08
TDB_00003546,2024-09-21 10:58:03,TDB_CUST_6896934,GOOGL,BUY,978,392.0
TDB_00003547,2024-09-20 20:24:29,TDB_CUST_9677218,V,BUY,768,1266.34
TDB_00003548,2024-09-19 14:24:02,TDB_CUST_4087946,TSLA,SELL,569,682.29
TDB_00003549,2024-09-19 01:13:01,TDB_CUST_5159535,AAPL,BUY,593,958.12
TDB_00003550,2024-09-25 11:55:17,TDB_CUST_3930728,FB,SELL,42,811.08
TDB_00003551,2024-09-24 23:53:51,TDB_CUST_8934986,GOOGL,BUY,414,237.85
TDB_00003552,2024-09-22 08:05:09,TDB_CUST_9257280,V,SELL,859,1193.86
TDB_00003553,2024-09-18 19:20:44,TDB_CUST_5432587,FB,BUY,488,1475.36
TDB_00003554,2024-09-19 13:23:30,TDB_CUST_4108951,NFLX,BUY,608,1025.85
TDB_00003555,2024-09-23 22:14:41,TDB_CUST_2616498,FB,BUY,539,826.38
TDB_00003556,2024-09-20 13:11:17,TDB_CUST_6970166,NFLX,SELL,289,958.96
TDB_00003557,2024-09-25 02:59:24,TDB_CUST_6892694,TSLA,BUY,40,115.2
TDB_00003558,2024-09-24 08:31:27,TDB_CUST_8627726,TSLA,BUY,622,502.05
TDB_00003559,2024-09-24 23:08:24,TDB_CUST_1695118,JPM,SELL,20,397.35
TDB_00003560,2024-09-20 07:48:45,TDB_CUST_1278893,TSLA,BUY,941,621.9
TDB_00003561,2024-09-23 18:50:04,TDB_CUST_1195644,AMZN,BUY,608,836.21
TDB_00003562,2024-09-19 13:48:06,TDB_CUST_5421866,AAPL,SELL,170,170.82
TDB_00003563,2024-09-21 15:48:03,TDB_CUST_4836174,JPM,SELL,155,129.27
TDB_00003564,2024-09-20 02:08:21,TDB_CUST_6457073,FB,BUY,501,666.11
TDB_00003565,2024-09-21 11:47:30,TDB_CUST_1959516,V,BUY,898,1016.02
TDB_00003566,2024-09-25 00:40:40,TDB_CUST_1585394,NFLX,BUY,544,1238.24
TDB_00003567,2024-09-23 12:45:33,TDB_CUST_9978130,JPM,SELL,903,399.1
TDB_00003568,2024-09-25 04:18:00,TDB_CUST_1868780,V,BUY,16,703.05
TDB_00003569,2024-09-24 22:43:58,TDB_CUST_2871428,V,BUY,162,1288.23
TDB_00003570,2024-09-20 14:39:31,TDB_CUST_8345275,GOOGL,SELL,764,680.35
TDB_00003571,2024-09-22 02:41:26,TDB_CUST_5350187,JPM,BUY,689,868.38
TDB_00003572,2024-09-24 08:29:14,TDB_CUST_4248031,NFLX,BUY,915,40.76
TDB_00003573,2024-09-19 05:50:19,TDB_CUST_9217510,FB,SELL,943,767.9
TDB_00003574,2024-09-18 23:10:39,TDB_CUST_8639199,TSLA,BUY,398,1138.53
TDB_00003575,2024-09-24 13:24:49,TDB_CUST_1757504,AMZN,SELL,282,125.39
TDB_00003576,2024-09-20 07:10:19,TDB_CUST_6493218,NFLX,SELL,451,819.85
TDB_00003577,2024-09-19 04:05:47,TDB_CUST_9423053,V,BUY,404,1444.34
TDB_00003578,2024-09-19 11:47:14,TDB_CUST_2157191,AAPL,BUY,780,109.97
TDB_00003579,2024-09-23 22:29:36,TDB_CUST_2019009,NFLX,BUY,479,608.78
TDB_00003580,2024-09-19 14:38:52,TDB_CUST_8325379,MSFT,BUY,685,613.99
TDB_00003581,2024-09-24 02:11:05,TDB_CUST_2985208,AMZN,SELL,396,428.97
TDB_00003582,2024-09-22 16:23:45,TDB_CUST_4811605,MSFT,SELL,153,1180.08
TDB_00003583,2024-09-23 03:26:28,TDB_CUST_7296011,AMZN,SELL,963,106.7
TDB_00003584,2024-09-20 00:48:59,TDB_CUST_4523101,NVDA,BUY,750,705.03
TDB_00003585,2024-09-20 14:18:00,TDB_CUST_6710044,TSLA,SELL,299,549.6
TDB_00003586,2024-09-20 19:17:35,TDB_CUST_1009590,GOOGL,BUY,983,549.71
TDB_00003587,2024-09-25 08:48:38,TDB_CUST_6745729,AAPL,SELL,240,363.09
TDB_00003588,2024-09-19 04:40:21,TDB_CUST_3463415,NVDA,BUY,92,1353.02
TDB_00003589,2024-09-23 22:13:08,TDB_CUST_5152796,AAPL,BUY,481,980.1
